0,1,2,3,4,5,6,7,8,9,10,11,12,13,14,15,16,17,18,19,20,21,22,23,24,25,26,27,28,29,30,31,32,33,34,35,36,37,38,39,40,41,42,43,44,45,46,47,48,49,50,51,52,53,54,55,56,57,58,59,60,61,62,63,64,65,66,67,68,69,70,71,72,73,74,75,76,77,78,79,80,81,82,83,84,85,86,87,88,89,90,91,92,93,94,95,96,97,98,99,100,101,102,103,104,105,106,107,108,109,110,111,112,113,114,115,116,117,118,119,120,121,122,123,124,125,126,127,128,129,130,131,132,133,134,135,136,137,138,139,140,141,142,143,144,145,146,147,148,149,150,151,152,153
DAY,SR NO,HOURS,2 CO 1,,2 CO 2,,2 CO 3,,2 CO 4,,2 CO 5,,2 CO 6,,2 CO 7,,2 CO 8,, 2 COE 9,,2 CO 10,,2 CO 11,,2 CO 12,,2 CO 13,,2 CO 14,,2 CO 15,,2 CO 16,,2 CO 17,,2 CO 18,,2 CO 19,,2 CO 20,,2 CO 21,,2 CO 22,,2 CO 23,,2 CO 24,,2 CO 25,,2 CO 26,, 2CO 27 ,,2  CO 28,,2 CO 29,,2 CO 30,,2 CO 31,,2 CO 32,,2 CO 33,, 2CO 34,,2  CO 35,,2 CO 36,,2 UoQ,,2 UNSW,,2 UoT ,,2 TCD,,2 CS 1,,2 CS 2,,2 CS 3,,2 CS 4,,2 CS 5,,2 CS 6,,2 CS 7,,2 CS 8,,2 CS 9,,2 CS 10,,2 EC 1,,2 EC 2,,2 EC 3,,2 EC 4,,2 EC 5,,2 EC 6,,2 EC 7,,2 EC 8,,2 EC 9,,2 EC 10,,2NC TCD,,2NC UNSW,,2 NC 1,,2 NC 2,,2 NC 3,,2 NC 4,,2 NC 5,,2 NC 6,,2 NC 7,,2 NC 8,,2 NC 9,,2 NC 10,,2 NC 11,,2 NC 12,,DAY,SR NO,HOURS
,1,08:00:00,,,,,,,,,,,,,,,,,,,,,,,,,,,,,,,,,,,,,,,,,,,UCS414 L,,,,,,,,,,UTA024 P,,UTA024 P,,,,,,UCS411 P,,UCS310 P,,UCS310 P,,,,,,UCS411 P,,,,,,,,,,UCS415 L,,,,,,,,,,UCS414 P,,UCS414 P,,,,UCS503 P,,UCS415 P,,,,,,,,,,UEC404 P,,,,,,,,,,,,,,,,UEC513 P,,UTA024 P,,UNC401 P,,,,,,UEC612 P,,,,,,,,,,,,,,,1,08:00:00
M,,,,,,,,,,,,,,,,,,,,,,,,,,,,,,,,,,,,,,,,,,,,,LT302,,,,,,,,,VVK,PROJECT,,C,,,,,,SS-2,,DBMS-1,,DBMS-2,,,,,,SS-1,,,,,,,,,,LT401,,,,,,,,,MSH,NS-1,,NS-2,,,,SE-2,,DS-1,,,,,,,,,,DSP,,,,,,,,,,,,,,,,MCES,,ED-1A,,AI,,,,,,FPGA,,,,,,,,,,,,,,M,,
,2,8:50:AM ,,,,,,,,,,,,,,,,,,,,,,,,,,,,,,,,,UTA026 L,,,,,,,,,,UCS310 L,,,,,,,,,,LAB,,LAB,,,,,,LAB,,LAB,,LAB,,,,,,LAB,,,,,,,,,,UCS411 L,,,,,,,,,,LAB,,LAB,,,,LAB,,LAB,,UEC867 T,,UEC301 T,,,,,,LAB,,,,,,,,,,,,UMA035 L,,UEC612 L,,LAB,,LAB,,LAB,,,,,,LAB,,UMA035 L,,,,,,UEC612 L,,,,,,,2,8:50:AM 
O,,,,,,,,,,,,,,,,,,,,,,,,,,,,,,,,,,,LT301,,,,,,,,,SAT,LT302,,,,,,,,,SKH,APC6,,PF4,,,,,,SBN-RA,,JHB,,SRO,,,,,,DET,,,,,,,,,,LT401 ,,,,,,,,,JNE,ANU-RA,,CHK-RA,,,,HMK,,RMT,,E203,BG,E202,APC8,,,,,APC7,,,,,,,,,,,,F106,FM,F104,ARP,APC16,,KRK-RA,,DGS,,,,,,APC9,,F106,,,,,FM,F104,,,,,ARP,O,,
,3,9:40: AM ,UES035 P,,UES035 P,,UCS310 P,,,,UCS310 P,,,,UES035 P,,UTA024 P,,UES035 P,,UTA024 P,,,,,,,,,,,,,,UTA024 P,,UTA024 P,,,,,,,,,,,,UCS414 P,,UCS414 P,,,,,,,,,,,,,,,,,,UCS310 P,,UCS310 P,,,,,,UNC401 L,,,,UMA035 P,,UMA035 P,,UMA035 P,,UMA035 P,,UMA035 P,,UMA035 P,,UCS415 P,,UCS415 P,,UCS411 P,,UCS411 P,,UCS503 P,,UMA035 L,,,,,,,,UEC513 P,,UEC404 P,,UEC301 P,,,,UTA025 P,,,,UEC513 L,,UTA024 L,,UNC401 L,,,,,,UNC401 P,,,,UEC404 T,,UEC513 L,,,,,,UTA024 L,,,,,,,3,9:40: AM 
N,,,ISD,,TFS,,DBMS-1,,,,LAB,,,,BMC,,ED-1A,,IOT,,ED-2,,,,,,,,,,,,,,PROJECT,,C,,,,,,,,,,,,NS-1,,NS-2,,,,,,,,,,,,,,,,,,PL-3,,PL-IV,,,,,,F107,VK,,,,,,,,,PG,,FIST,,NEW,,DS-1,,DS-2,,SS-2,,SS-1,,SE-1,,F105,,,,,,,JPR,MCES,,DSP,,EL,,,,E202,,,,F106,NEC5,F104,ASM/RSJ,F107,,,,,VK,AI,,,,E209,SNJ,F106,,,,,NEC5,F104,,,,,ASM/RJS,N,,
,4,10:30: AM,LAB,,LAB,,LAB,,,,DBMS-2,,,,LAB,,LAB,,LAB,,LAB,,,,,,,,,,,,,,LAB,,LAB,,,,,,,,,,,,LAB,,LAB,,,,,,,,,,,,,,,,,,LAB,,LAB,,,,,,UEC404 L,,UMA017 T,,LAB-1,,LAB-1,,LAB-2,,LAB,,LAB,,LAB,,LAB,,LAB,,LAB,,LAB,,LAB,,UEC404 L,,,,,,,,LAB,,LAB,,LAB,,UEC867 T,,LAB,,,,UEC612 L,,UEC404 L,,UEC404 L,,,,,,LAB,,UEC404 T,,UEC612 T,,UEC612 L,,,,,,UEC404 L,,,,,,,4,10:30: AM
D,,,RCH,,DM,,RKR,,,,SKH,,,,VKM,,NAD-RA,,TA9,,RSD-RA,,,,,,,,,,,,,,PF3,,APC14,,,,,,,,,,,,SR,,MCL,,,,,,,,,,,,,,,,,,AAD,,NSH-RA,,,,,,F107,KBS,T204,SJK,LC1,,MR,,AK,,LC17/LC18,,LC21/LC22,,LC5/LC6,,SSA,,SHD,,SAK,,SOL,,PRM-RA,,F105,,,,,,,SS,GDS,,ST,,HS,,E203,AKC,VS,,,,F106,MB,F104,RVK,F107,,,,,KBS,AUS,,E209,AKS,E204,ARP,F106,,,,,MB,F104,,,,,RVK,D,,
,5,11:20:00,,,,,,,,,,,,,,,,,,,,,,,,,,,,,,,,,,,,,,,,,UCS415 P,,UES035 L,,,,,,,,,,UCS415 L,,,,,,,,,,UTA024 P,,UTA024 P,,,,,,UCS310 P,,UCS410 L,,UCS410 L,,UMA017 L,,,,,,,,,,,,,,UCS503 L,,,,,,,,,,UEC301 L,,,,,,,,UES018 P,,UEC301 P,,UEC867 T,,UEC513 P,,UEC404 P,,UMA035 P,,UTA024 P,,UEC513 L,,UEC612 L,,,,,,UEC404 L,,,,,,UNC401 P,,UEC612 P,,UTA024 P,,UEC513 L,,,,,,,5,11:20:00
A,,,,,,,,,,,,,,,,,,,,,,,,,,,,,,,,,,,,,,,,,,,DS-2 LAB,,LT102,,,,,,,,,SWT,LT302,,,,,,,,,MNS,PROJECT,,C,,,,,,DBMS-1,,F109,SD,F109,SD,T103,SJK,,,,,,,,,,,,,LT401,,,,,,,,,ASH,F105,,,,,,,RAK,MFT,,EL,,E203,RPN,MCES,,DSP,,,,ED-2,,F104,DN,F107,,,,,AA,F106,,,,,SNJ,AI,,FPGA,,ED-2,,F104,,,,,DN,A,,
,6,12:10:00,,,,,,,,,,,,,,,,,,,,,,,,,,,,,,,,,,,,,,,,,SCS-RA,,,,,,,,,,,,UCS310 L,,,,,,,,,,LAB,,LAB,,,,,,LAB,,,,,,,,UMA035 L,,,,,,,,,,,,UMA035 L,,,,,,,,,,UEC867 L,,,,,,,,LAB,,LAB,,,,LAB,,LAB,,LAB-2,,LAB,,UEC502 L,,UTA025 L,,,,,,UEC612 L,,,,,,LAB,,LAB,,LAB,,UEC612 T,,UEC612 T,,,,,6,12:10:00
Y,,,,,,,,,,,,,,,,,,,,,,,,,,,,,,,,,,,,,,,,,,,,,,,,,,,,,,,LT302,,,,,,,,,VAP,JSK,,PF9,,,,,,AV,,,,,,,,LT401 ,NK,,,,,,,,,,,LT401,,,,,,,,,RJD,F105,,,,,,,AKC,MA,,AAR,,,,SUK,,AKK,,TV,,AKV,,E202,NHS,F107,,,,,KSS,F106,,,,,AS,VK,,RSK/APC9,,AKV,,B109,ARP,E203,AA,,,Y,,
,7,13:00:00,UES035 L,,,,,,,,,,,,,,,,,,,,,,UTA024 L,,,,,,,,,,,,,,,,,,,,,,,,,,,,,,,,,,,,,,,,,,,,,,,,,,,,,,UES035 L,,UES035 L,,UMA035 L,,,,,,,,,,,,,,,,,,,,,,,,,,,,,,,,,,,,,,,,,,,,,,,,,,,,,,,,,,,,,,,,,,,,,7,13:00:00
,,,LT103,,,,,,,,,,,RCH,,,,,,,,,,,LT302,,,,,,,,,AMK-2/SRO,,,,,,,,,,,,,,,,,,,,,,,,,,,,,,,,,,,,,,,,,,,,,LT103,RCH,LT103,RCH,LT401,,,,,,,,,RKR,,,,,,,,,,,,,,,,,,,,,,,,,,,,,,,,,,,,,,,,,,,,,,,,,,,,,,,,,,,,,
,8,13:50:00,UCS411 L,,,,,,,,,,,,UTA024 P,,UTA024 P,,UCS414 P,,UCS414 P,,UES035 P,,UCS411 L,,,,,,,,,,UES035 P,,,,UCS411 P,,UCS411 P,,,,UTA026 L,,,,,,,,,,UTA024 P,,UTA024 P,,UCS310 P,,UCS310 P,,,,,,UES035 P,,UCS415 P,,UES035 P,,UCS415 P,,UCS411 L,,,,UCS411 L,,UCS411 L,,UCS414 L,,,,,,,,,,,,,,,,,,,,UEC301 P,,UES018 P,,,,,,,,,,UEC301 T,,,,UES018 P,,,,UEC612 T,,UEC404 T,,,,,,,,,,,,,,,,,,UEC612 T,,,,,,UEC404 T,,,8,13:50:00
,,,LT103,,,,,,,,,,,SAK,PROJECT,,C,,NS-1,,NS-2,,BMC,,LT302,,,,,,,,,SMR,IOT,,,,SS-1,,SS-2,,,,LT301,,,,,,,,,SAT,ED-1A,,ED-2,,DBMS-1,,DBMS-2,,,,,,TFS,,DS-1,,ISD,,DS-2,,LT103,SAK,,,LT103,SAK,LT103,SAK,LT401,,,,,,,,,MCL,,,,,,,,,,,EL,,MFT,,,,,,,,,,E203,HS,,,MFT,,,,B109,MB,E209,RVK,,,,,,,,,,,,,,,,,B109,MB,,,,,E209,RVK,,,
,9,14:40:00,UCS310 L,,,,,,,,,,,,LAB,,LAB,,LAB,,LAB,,LAB,,UCS414 L,,,,,,,,,,LAB,,,,LAB,,LAB,,,,UTA024 L,,,,,,,,,,LAB,,LAB,,LAB,,LAB,,,,,,LAB,,LAB,,LAB,,LAB,,UCS310 L,,UCS310 L,,UCS310 L,,UCS310 L,,UCS310 L,,,,,,,,,,UCS415 L,,,,,,,,,,LAB,,LAB,,,,UEC857 T,,UMA035 L,,,,,,UEC404 T,,LAB,,,,UEC404 T,,,,UMA035 L,,,,,,UNC401 L,,,,,,,,,,UEC404 T,,UMA035 L,,,,,,,9,14:40:00
,,,LT103,,,,,,,,,,,RKR,PF-3,,PF-4,,SMG,,VVK,,VVK,,LT302,,,,,,,,,SAL,SNP,,,,JNE,,PRY-RA,,,,LT301,,,,,,,,,DN/AKV,NAW-RA,,KRK-RA,,NSH-RA,,VAP,,,,,,TA8,,DPK,,DBM,,BHR-CRA,,LT103,RKR,LT103,RKR,LT103,RKR,LT103,RKR,LT401,,,,,,,,,AAD,LT402,,,,,,,,,SSA,APC8,,MA,,,,E209,BG,F105,,,,,VKS,E203,ST,MA,,,,B109,AKS,,,F107,,,,,SJK,F104,,,,,AUS,,,,,B109,AKS,F106,,,,,AK,,,
,10,15:30:00,,,UCS310 P,,UCS414 P,,UCS414 P,,UCS415 P,,UCS310 P,,UCS415 L,,,,,,,,,,UTA024 P,,UTA024 P,,UCS411 P,,UTA024 P,,,,,,,,,,,,,,,,,,,,UTA024 P,,,,UES025 L,,,,,,,,,,UCS411 L,,,,,,,,,,,,UEC513 P,,,,UES020 L,,,,,,,,,,,,UCS310 L,,,,,,,,,,UEC513 P,,UEC404 P,,UMA035 P,,UMA035 P,,UEC513 L,,,,,,UMA035 L,,,,,,UES020 L,,,,UTD002 T,,,,,,,,UTD002 T,,,,,,,,UTD002 T,,,,,,,,,10,15:30:00
,,,,,DBMS-2,,NS-1,,NS-2,,DS-2,,DBMS-1,,LT302,,,,,,,,,SHD,PROJECT,,C,,SS-2,,ED-1A,,,,,,,,,,,,,,,,,,,,ED-2,,,,LT402,,,,,,,,,ANP,LT301,,,,,,,,,SMR,,,MCES,,,,B105,NS/JPK,,,,,,,,,,,LT401,,,,,,,,,CHP,MCES,,DSP,,,,PG,,F105,,,,,NEC6,F107,,,,,MR,B105,NS/JPK,,,LT102,,,,,,,,LT102,,,,,,,,LT102,,,,,,,,,,
,11,16:20:00,,,LAB,,LAB,,LAB,,LAB,,LAB,,UCS414 L,,,,,,,,,,LAB,,LAB,,LAB,,LAB,,,,,,,,,,,,,,,,,,,,LAB,,,,UCS411 L,,,,,,,,,,UTA024 L,,,,,,,,,,,,LAB,,,,UES020 P,,,,,,,,,,,,UCS411 L,,,,,,,,,,LAB,,LAB,,LAB-2,,LAB,,UEC301 T,,UEC867 T,,UEC404 T,,UEC513 L,,,,,,UES020 P,,,,,,,,,,,,,,,,,,,,,,,,,,,,,11,16:20:00
,,,,,DAM-RA,,SHS,,ANY-RA,,MNS,,RRN,,LT302,,,,,,,,,SR,AMK-1,,HVR,,RIG-RA,,ASM,,,,,,,,,,,,,,,,,,,,RJH-RA,,,,LT402,,,,,,,,,SIK,LT301,,,,,,,,,DG/AKV,,,,,,,WRE,,,,,,,,,,,,LT401,,,,,,,,,ABJ,SKR,,SS,,LC9/LC10,,MG,,E201,AAR,E202,RPN,E203,AKK,F107,,,,,SUK,WRE,,,,,,,,,,,,,,,,,,,,,,,,,,,,,,
,12,17:10:00,,,,,,,,,,,,,,,,,,,,,,,,,,,,,,,,,,,,,,,,,,,,,,,,,,,,,,,,,,,,,,,,,,,,,,,,,,,,,,,LAB,,,,,,,,,,,,,,,,,,,,,,,,,,,,,,,,,,,,,,,,,,LAB,,,,,,,,,,,,,,,,,,,,,,,,,,,,,12,17:10:00
,,,,,,,,,,,,,,,,,,,,,,,,,,,,,,,,,,,,,,,,,,,,,,,,,,,,,,,,,,,,,,,,,,,,,,,,,,,,,,,,,NS,,,,,,,,,,,,,,,,,,,,,,,,,,,,,,,,,,,,,,,,,,NS,,,,,,,,,,,,,,,,,,,,,,,,,,,,,,
,13,18:00:00,,,,,,,,,,,,,,,,,,,,,,,,,,,,,,,,,,,,,,,,,,,,,,,,,,,,,,,,,,,,,,,,,,,,,,,,,,,,,,,,,,,,,,,,,,,,,,,,,,,,,,,,,,,,,,,,,,,,,,,,,,,,,,,,,,,,,,,,,,,,,,,,,,,,,,13,18:00:00
,,,,,,,,,,,,,,,,,,,,,,,,,,,,,,,,,,,,,,,,,,,,,,,,,,,,,,,,,,,,,,,,,,,,,,,,,,,,,,,,,,,,,,,,,,,,,,,,,,,,,,,,,,,,,,,,,,,,,,,,,,,,,,,,,,,,,,,,,,,,,,,,,,,,,,,,,
,14,18:50:00,,,,,,,,,,,,,,,,,,,,,,,,,,,,,,,,,,,,,,,,,,,,,,,,,,,,,,,,,,,,,,,,,,,,,,,,,,,,,,,,,,,,,,,,,,,,,,,,,,,,,,,,,,,,,,,,,,,,,,,,,,,,,,,,,,,,,,,,,,,,,,,,,,,,,,14,18:50:00
,,,,,,,,,,,,,,,,,,,,,,,,,,,,,,,,,,,,,,,,,,,,,,,,,,,,,,,,,,,,,,,,,,,,,,,,,,,,,,,,,,,,,,,,,,,,,,,,,,,,,,,,,,,,,,,,,,,,,,,,,,,,,,,,,,,,,,,,,,,,,,,,,,,,,,,,,
,1,08:00:00,,,,,,,,,,,,,UCS415 L,,,,,,,,,,,,,,UCS415 P,,UCS415 P,,,,UCS310 P,,UCS414 P,,UTA024 P,,UTA024 P,,UCS414 P,,UES035 P,,,,UES035 P,,,,UTA024 P,,UCS415 P,,UCS415 P,,UCS411 P,,,,,,UTA024 P,,,,,,UTA024 P,,,,,,UEC404 P,,,,,,UCS503 L,,,,,,,,,,,,UCS310 P,,,,,,UCS411 P,,UMA035 P,,UMA035 P,,UTA025 P,,,,,,,,,,,,,,,,,,,,,,,,UEC513 P,,,,,,,,,,,,,,UEC404 P,,UMA035 P,,UMA035 P,,,1,08:00:00
T,,,,,,,,,,,,,,,LT302,,,,,,,,,SHD,,,,,PL-1,,PL-2,,,,DBMS-1,,NS-1,,PROJECT,,C,,NS-2,,ISD,,,,IOT,,,,ED-1A,,DS-1,,DS-2,,SS-1,,,,,,ED-1B,,,,,,ED-2,,,,,,DSP,,,,,,LT401,,,,,,,,,HMK,,,DBMS-2,,,,,,SS-2,,,,,,E202,,,,,,,,,,,,,,,,,,,,,,,,MCES,,,,,,,,,,,,,,DSP,,PG,,FIST,,T,,
,2,08:50:00,,,,,,,,,,,,,UCS310 L,,,,,,,,,,,,,,LAB,,LAB,,,,LAB,,LAB,,LAB,,LAB,,LAB,,LAB,,,,LAB,,,,LAB,,LAB,,LAB,,LAB,,,,,,LAB,,,,,,LAB,,,,,,LAB,,,,,,UCS415 L,,,,,,,,,,,,LAB,,,,,,LAB,,LAB-1,,LAB-2,,ASO,,,,UES018 L,,,,,,,,,,,,UTA025 L,,UEC502 L,,UEC612 T,,,,LAB,,UEC404 L,,,,,,UTA025 L,,,,,,LAB,,LAB,,LAB,,,2,08:50:00
U,,,,,,,,,,,,,,,LT302,,,,,,,,,RRN,,,,,PLK-RA,,DPK,,,,DAM-RA,,SAL,,PF-3,,APC6,,RTA-RA,,SWT,,,,TA9,,,,NAD-RA,,MDY-RA,,TNV-RA,,SAK,,,,,,GRC-RA,,,,,,DIS-RA,,,,,,ST,,,,,,LT401 ,,,,,,,,,MSH,,,HSM-RA,,,,,,SMR,,LC1/LC2,,LC11/LC12,,,,,,F105,,,,,MA/DG,,,,,,,F107,PMS,E205,NHS,E203,APC9,,,SUK,,F104,,,,,SNJ,F107,,,,,PMS,ST,,FM,,LC17/LC18,,U,,
,3,09:40:00,UCS414 P,,UCS414 P,,UTA024 P,,UTA024 P,,,,UCS415 P,,,,,,,,,,,,UES035 P,,UES035 P,,UTA024 P,,UES035 P,,UTA024 P,,UCS414 L,,,,,,,,,,,,,,,,,,,,,,,,UCS415 P,,,,UES035 P,,UCS411 P,,UCS411 P,,UTA024 P,,,,UES035 P,,,,,,,,UES020 L,,UCS503 P,,UCS503 P,,UCS310 P,,UCS411 P,,UCS310 P,,UCS310 L,,,,,,,,,,UEC404 P,,UEC513 P,,UEC867 T,,UEC301 P,,UEC404 L,,,,,,,,,,,,UES020 L,,UTA025 L,,UEC513 L,,,,,,UEC513 L,,,,,,UEC612 P,,UNC401 P,,UEC404 P,,UTA025 L,,,,,,,3,09:40:00
E,,,NS-1,,NS-2,,PROJECT,,C,,,,DS-1,,,,,,,,,,,,BMC,,IOT,,ED-1A,,ISD,,ED-2,,LT302,,,,,,,,,MCL,,,,,,,,,,,,,,,DS-2,,,,TFS,,PL-3,,PL-4,,ED-1B,,,,ISD,,,,,,,,B106,JPK,SE-1,,SE-2,,DBMS-1,,SS-1,,DBMS-2,,LT401,,,,,,,,,CHP,DSP,,MCES,,E203,AKC,EL,,F105,,,,,AKK,,,,,,,B106,NS/JPK,F106,GG,F107,,,,,KSS,F104,,,,,GDS,FPGA,,AI,,DSP,,F106,,,,,GG,E,,
,4,10:30:00,LAB,,LAB,,LAB,,LAB,,,,LAB,,,,,,,,,,,,LAB,,LAB,,LAB,,LAB,,LAB,,UES035 L,,,,,,,,,,,,,,,,,,,,,,,,LAB,,,,LAB,,LAB,,LAB,,LAB,,,,LAB,,,,UEC404 L,,,,,,LAB,,LAB,,LAB,,LAB,,LAB,,UCS415 L,,,,,,,,,,LAB,,LAB,,UEC301 T,,LAB,,UTA025 L,,,,,,,,,,,,,,,,UEC404 L,,,,,,UNC401 L,,,,,,LAB,,LAB,,LAB,,UMA035 L,,,,,,,4,10:30:00
S,,,SHS,,VVK,,NJ,,PF-8,,,,RMT,,,,,,,,,,,,VKT,,TA10,,ASM,,TA9,,AKV,,LT302,,,,,,,,,SNP,,,,,,,,,,,,,,,TBH,,,,TA8,,AMT,,SOL,,RJH-RA,,,,DBM,,,,F107,KBS,,,,,ASH,,PRM-RA,,VAP,,JS,,RKR,,LT401,,,,,,,,,SSA,APC7,,APC16,,E203,APC8,HS,,F105,,,,,ASO,,,,,,,,,,,F107,,,,,KBS,F104,,,,,AUS,MB,,DGS,,SS,,F106,,,,,AK,S,,
,5,11:20:00,UCS415 L,,,,,,,,,,,,,,,,,,,,,,UCS415 L,,,,,,,,,,UCS310 L,,,,,,,,,,UTA024 P,,UTA024 P,,UCS310 P,,UCS310 P,,UCS415 P,,,,,,,,,,,,,,,,,,,,,,UCS415 L,,,,UMA017 L,,UCS415 L,,,,,,,,,,,,,,,,UCS503 L,,,,,,UTA025 P,,UTA025 P,,,,UEC301 T,,UEC867 L,,,,,,,,UEC301 P,,UEC513 P,,UEC404 P,,UEC513 L,,UEC612 L,,,,,,UTA025,,,,,,UTA024 P,,UTA024 P,,UEC404 P,,UEC513 L,,,,,,,5,11:20:00
D,,,LT103,,,,,,,,,,,TBH,,,,,,,,,,,LT301,,,,,,,,,SKK,LT302,,,,,,,,,AAD,PROJECT,,C,,DBMS-1,,DBMS-2,,DS-2,,,,,,,,,,,,,,,,,,,,,,T103,TBH,,,T103,SJK,LT103,TBH,,,,,,,,,,,LT401,,,,,,,,,ASH,E204,,E204,,,,E203,RAK,F105,,,,,RPN,,,EL,,MCES,,DSP,,F106,DN,F107,,,,,AA,F104,,,,,AM,ED-1A,,ED-2,,DSP,,F106,,,,,DN,D,,
,6,12:10:00,UTA026 L,,,,,,,,,,,,,,,,,,,,,,UCS414 L,,,,,,,,,,,,,,,,,,,,LAB,,LAB,,LAB,,LAB,,LAB,,,,,,,,,,,,,,,,,,,,,,UCS410 L,,UCS410 L,,UTA026 L,,,,,,,,,,,,,,UCS411 L,,,,,,,,,,SCB,,SCB,,,,,,UEC301 L,,,,,,,,LAB,,LAB,,LAB,,UEC404 L,,,,,,,,UMA035 L,,,,,,LAB,,LAB,,LAB,,UEC404 L,,,,,,,6,12:10:00
A,,,LT103,,,,,,,,,,,DNG,,,,,,,,,,,LT301,,,,,,,,,SAL,,,,,,,,,,,PF7,,PF-4,,SKH,,ARS-RA,,SCS-RA,,,,,,,,,,,,,,,,,,,,,,T201,SD,T201,SD,LT103,DMG,,,,,,,,,,,,,LT401,,,,,,,,,ABJ,,,,,,,,,F105,,,,,HS,,,AAR,,PF1,,SS,,F106,RVK,,,,,,,F104,,,,,TV,DIS-RA,,NAW-RA,,SS,,F106,,,,,RVK,A,,
,7,13:00:00,,,,,,,,,,,,,UES035 L,,,,,,,,,,,,,,,,,,,,,,,,,,,,,,,,,,,,,,,,UCS310L ,,,,,,,,,,UES035 L,,,,,,,,,,,,,,,,,,,,,,,,,,,,,,,,,,,,,,,,,,,,,,,,,,,,,,,,,,,,,,,,,,,,,,,,,,,,,,,,,,,,,,,7,13:00:00
Y,,,,,,,,,,,,,,,LT301,,,,,,,,,VKM,,,,,,,,,,,,,,,,,,,,,,,,,,,,,,,LT302,,,,,,,,,VAP,LT401,,,,,,,,,DBM,,,,,,,,,,,,,,,,,,,,,,,,,,,,,,,,,,,,,,,,,,,,,,,,,,,,,,,,,,,,,,,,,,,,,,,,,,,,,Y,,
,8,13:50:00,,,,,,,,,,,,,UCS310 P,,UCS415 P,,UTA024 P,,UCS310 P,,UCS415 P,,,,,,,,,,,,UCS411 P,,UCS411 P,,UTA024 P,,UCS415 P,,,,UTA026 P,,,,,,,,,,UCS411 L,,,,,,,,,,UCS310 L,,,,,,,,,,UCS411 P,,,,,,,,,,UCS414 P,,UCS414 P,,,,,,,,,,,,,,,,UEC513 L,,,,,,,,UMA035 P,,UMA035 P,,UEC404 P,,UEC404 L,,,,,,UEC404 L,,UTA024 P,,UTA024 P,,UTA024 P,,UTA025 P,,UTA025 P,,UMA035 P,,UEC513 P,,UEC404 L,,,,,,UNC401 P,,UEC612 P,,UTA024 P,,,8,13:50:00
,,,,,,,,,,,,,,,DBMS-1,,DS-1,,ED-1A,,DBMS-2,,DS-2,,,,,,,,,,,,SS-1,,SS-2,,ED-2,,PL-5,,,,WORKSHOP,,,,,,,,,,LT302,,,,,,,,,SIK,LT401,,,,,,,,,RRN,GC-1,,,,,,,,,,NS-1,,NS-2,,,,,,,,,,,,,,,,F105,,,,,,,SKR,PG,,FIST,,DSP,,F107,,,,,ST,F104,AKS,ED-IB,,PROJECT,,C,,E210,,E210,,NEW/G309,,MCES,,F104,,,,,AKS,AI,,FPGA,,ED-1B,,,,
,9,14:40:00,,,,,,,,,,,,,LAB,,LAB,,LAB,,LAB,,LAB,,UES035 L,,,,,,,,,,LAB,,LAB,,LAB,,LAB,,,,PKC,,,,,,,,,,UCS414 L,,,,,,,,,,UCS415 L,,,,,,,,,,LAB,,UEC513 L,,,,,,,,LAB,,LAB,,,,,,,,,,,,,,,,UMA035 L,,,,,,,,LAB,,LAB,,LAB,,UEC301 L,,,,,,UNC401 L,,LAB,,LAB,,LAB,,KSS,,KSS,,LAB,,LAB,,UNC401 L,,,,,,LAB,,LAB,,LAB,,,9,14:40:00
,,,,,,,,,,,,,,,AAD,,MAK,,ASM,,NSH-RA,,TBH,,LT301,,,,,,,,,VKT,SOL,,RIG-RA,,GUS-CRA,,MNS,,,,,,,,,,,,,,LT302,,,,,,,,,TAG,LT401,,,,,,,,,SHD,PRY-RA,,F105,SKR,,,,,,,SR,,SAL,,,,,,,,,,,,,,,,F105,,,,,,,JPR,TV,,SJK,,AKK,,F107,,,,,AAR,F104,DGS,GRC-KA,,PF8,,APC14,,,,,,LC1/LC2,,APC16,,F104,,,,,DGS,AKV,,BG,,GRC-RA,,,,
,10,15:30:00,UCS310 P,,,,UES035 P,,UES035 P,,UTA024 P,,UTA024 P,,UCS415 P,,,,,,,,,,UCS310 L,,,,,,,,,,UCS411 L,,,,,,,,,,UES035 L,,,,,,,,,,UCS411 P,,UCS414 P,,UTA024 P,,UTA024 P,,UCS414 P,,UTA026 P,,,,,,,,,,UTA026 P,,,,,,,,,,,,,,,,,,,,,,UCS310 P,,,,,,UES018 L,,,,,,,,UEC301 P,,UEC404 T,,,,UES018 L,,,,,,UNC401 P,,UEC612 P,,,,UEC612 T,,UTA024 P,,,,UTA025 P,,UTA025 P,,UEC404 P,,UEC513 P,,UNC401 P,,,,,,UEC612 P,,,10,15:30:00
,,,DBMS-1,,,,ISD,,TFS,,ED-1A,,ED-1B,,DS-2,,,,,,,,,,LT302,,,,,,,,,SRO,LT301,,,,,,,,,ABJ,LT402,,,,,,,,,SWT,SS-1,,NS-1,,PROJECT,,C,,NS-2,,WORKSHOP,,,,,,,,,,WORKSHOP,,,,,,,,,,,,,,,,,,,,,,DBMS-2,,,,,,F105,,,,,,,MA/VKS,EL,,E203,APC7,,,F107,,,,,VKS/MA,AI,,FPGA,,,,B109,ARP,ED-2,,,,F106,,F106,,DSP,,MCES,,AI,,,,,,FPGA,,,,
,11,16:20:00,LAB,,,,LAB,,LAB,,LAB,,LAB,,LAB,,,,,,,,,,UTA026 L,,,,,,,,,,UCS415 L,,,,,,,,,,,,,,,,,,,,LAB,,LAB,,LAB,,LAB,,LAB,,DG,,,,,,,,,,DG,,,,,,,,,,,,,,,,,,,,,,LAB,,,,,,,,,,UEC404 T,,,,LAB,,,,,,UEC301 T,,,,,,LAB,,LAB,,,,,,LAB,,,,AM,,AM,,LAB,,LAB,,LAB,,,,,,LAB,,,11,16:20:00
,,,RKR,,,,RCH,,SGK,,NAW-RA,,KAS,,PLK-RA,,,,,,,,,,LT302,,,,,,,,,PCY,LT301,,,,,,,,,MSH,,,,,,,,,,,JNE,,SMG,,AMK-1,,AMK-2,,RTA-RA,,,,,,,,,,,,,,,,,,,,,,,,,,,,,,,,,,CHP,,,,,,,,,,E202,ST,,,RAK,,,,,,E203,AAR,,,,,SUR,,AA,,,,,,RSD-RA,,,,,,,,SNJ,,DN,,SUR,,,,,,AA,,,,
,12,17:10:00,,,,,,,,,,,,,,,,,,,,,,,,,,,,,,,,,,,,,,,,,,,,,,,,,,,,,,,,,,,,,,,,,,,,,,,,,,,,,,,,,,,,,,,,,,,,,,,,,,,,,,,,,,,,,,,,,,,,,,,,,,,,,,,,,,,,,,,,,,,,,,,,,,,,,,12,17:10:00
,,,,,,,,,,,,,,,,,,,,,,,,,,,,,,,,,,,,,,,,,,,,,,,,,,,,,,,,,,,,,,,,,,,,,,,,,,,,,,,,,,,,,,,,,,,,,,,,,,,,,,,,,,,,,,,,,,,,,,,,,,,,,,,,,,,,,,,,,,,,,,,,,,,,,,,,,
,13,18:00:00,,,,,,,,,,,,,,,,,,,,,,,,,,,,,,,,,,,,,,,,,,,,,,,,,,,,,,,,,,,,,,,,,,,,,,,,,,,,,,,,,,,,,,,,,,,,,,,,,,,,,,,,,,,,,,,,,,,,,,,,,,,,,,,,,,,,,,,,,,,,,,,,,,,,,,13,18:00:00
,,,,,,,,,,,,,,,,,,,,,,,,,,,,,,,,,,,,,,,,,,,,,,,,,,,,,,,,,,,,,,,,,,,,,,,,,,,,,,,,,,,,,,,,,,,,,,,,,,,,,,,,,,,,,,,,,,,,,,,,,,,,,,,,,,,,,,,,,,,,,,,,,,,,,,,,,
,14,18:50:00,,,,,,,,,,,,,,,,,,,,,,,,,,,,,,,,,,,,,,,,,,,,,,,,,,,,,,,,,,,,,,,,,,,,,,,,,,,,,,,,,,,,,,,,,,,,,,,,,,,,,,,,,,,,,,,,,,,,,,,,,,,,,,,,,,,,,,,,,,,,,,,,,,,,,,14,18:50:00
,,,,,,,,,,,,,,,,,,,,,,,,,,,,,,,,,,,,,,,,,,,,,,,,,,,,,,,,,,,,,,,,,,,,,,,,,,,,,,,,,,,,,,,,,,,,,,,,,,,,,,,,,,,,,,,,,,,,,,,,,,,,,,,,,,,,,,,,,,,,,,,,,,,,,,,,,
,1,08:00:00,UCS310 L,,,,,,,,,,,,UTA024 P,,UCS310 P,,UTA024 P,,UTA024 P,,UCS310 P,,UCS310 L,,,,,,,,,,UCS414 P,,UTA024 P,,UCS414 P,,,,UCS411 P,,UCS411 P,,UES035 P,,UCS415 P,,UCS415 P,,UCS411 P,,UTA026 L,,,,,,,,,,UCS310 L,,,,,,,,,,UCS310 L,,UCS310 L,,UCS310 L,,UCS310 L,,,,,,,,,,,,,,,,,,,,,,,,,,,,,,,,,,,,UEC513 L,,,,,,UTA025 P,,,,,,,,UEC612 P,,UEC612 L,,,,,,UEC513 P,,UEC404 P,,UTA025 P,,UTA025 P,,,,,,,1,08:00:00
W,,,LT103,,,,,,,,,,,RKR,ED-1A,,DBMS-2,,PROJECT,,C,,DBMS-2,,LT301,,,,,,,,,SRO,NS-1,,ED-2,,NS-2,,,,SS-1,,SS-2,,IOT,,DS-1,,DS-2,,PL-3,,LT302,,,,,,,,,PCY,LT401,,,,,,,,,RRN,LT103,RKR,LT103,RKR,LT103,RKR,LT103,RKR,,,,,,,,,,,,,,,,,,,,,,,,,,,,,,,,,,,F107,,,,,SUK,GG,,,,,,,,FPGA,,F106,,,,,AS,MCES,,DSP,,GG,,GG,,,,,,W,,
,2,08:50:00,UCS411 L,,,,,,,,,,,,LAB,,LAB,,LAB,,LAB,,LAB,,UES035 L,,,,,,,,,,LAB,,LAB,,LAB,,,,LAB,,LAB,,LAB,,LAB,,LAB,,LAB,,UTA024 L,,,,,,,,,,UCS414 L,,,,,,,,,,UCS411 L,,,,UCS411 L,,UCS411 L,,,,,,,,,,,,,,,,,,,,,,UTA025 L,,,,,,,,,,,,,,UEC404 L,,,,,,LAB,,,,,,,,LAB,,UEC513 L,,,,,,LAB,,LAB,,E210,,E210,,,,,,,2,08:50:00
E,,,LT103,,,,,,,,,,,SAK,NAD-RA,,VAP,,PF-8,,APC14,,ARS-RA,,LT301,,,,,,,,,VKT,RTA-RA,,DIS-RA,,ANU-RA,,,,ATI,,PRY-RA,,TA10,,SUG,,KUA-RA,,ABJ,,LT302,,,,,,,,,DG/ASM,LT401,,,,,,,,,VVK,LT103,SAK,,,LT103,SAK,LT103,SAK,,,,,,,,,,,,,,,,,,,,,F104,,,,,,,SCB,,,,,,,F107,,,,,ST,E210,,,,,,,,BG,,F106,,,,,GDS,PF-1,,AKS,,,,,,,,,,E,,
,3,09:40:00,UTA024 L,,,,,,,,,,,,UES035 L,,,,,,,,,,UCS310 P,,UCS310 P,,UTA024 P,,UTA024 P,,UES035 P,,UCS415 L,,,,,,,,,,UTA026 L,,,,,,,,,,UCS414 P,,,,UTA024 P,,UTA024 P,,,,UCS415 L,,,,,,,,,,UTA024 L,,UTA024 L,,UTA024 L,,UTA024 L,,UCS411 P,,UCS411 P,,UCS415 P,,UCS415 P,,UCS414 P,,UMA035 P,,UMA035 P,,UMA035 P,,UMA035 P,,UMA035 P,,UEC867 L,,,,,,,,UEC404 L,,,,,,UTA025 L,,,,,,UEC612 L,,UEC502 L,,UNC401 P,,UEC612 P,,,,UEC513 P,,UEC404 P,,,,UEC612 L,,,,,,UEC404 T,,,,,,,3,09:40:00
D,,,LT103,,,,,,,,,,,DN/ASM,LT301,,,,,,,,,VKM,DBMS-1,,DBMS-2,,PROJECT,,C,,BMC,,LT302,,,,,,,,,MSH,LT402,,,,,,,,,SAT,NS-2,,,,ED-1A,,ED-2,,,,LT401,,,,,,,,,SHD,LT103,DN/ASM,LT103,DN/ASM,LT103,DN/ASM,LT103,DN/ASM,SS-1,,SS-2,,DS-1,,DS-2,,NS-1,,,,,,PG,,FIST,,G309,,F104,,,,,,,AKC,F105,,,,,AKK,F107,,,,,VS,F106,MB,E209,NHS,AI,,FPGA,,,,MCES,,DSP,,,,F106,,,,,MB,E203,APC7,,,,,D,,
,4,10:30:00,UES035 L,,,,,,,,,,,,UTA024 L,,,,,,,,,,LAB,,LAB,,LAB,,LAB,,LAB,,UCS310 L,,,,,,,,,,,,,,,,,,,,LAB,,,,LAB,,LAB,,,,UCS411 L,,,,,,,,,,,,,,UES035 L,,UES035 L,,LAB,,LAB,,LAB,,LAB,,LAB,,LAB-1,,LAB-2,,LAB,,LAB,,LAB,,UEC404 L,,,,,,,,UES018 P,,,,,,UMA035 L,,,,,,UEC404 L,,UNC401 L,,LAB,,LAB,,,,LAB,,LAB,,,,UEC404 L,,,,,,UNC401 L,,,,,,,4,10:30:00
N,,,LT103,,,,,,,,,,,RCH,LT301,,,,,,,,,AMK-2/SRO,CHP,,NSH-RA,,APC-6,,HVR,,VKT,,LT302,,,,,,,,,AAD,,,,,,,,,,,TAG,,,,NAW-RA,,KAS,,,,LT401,,,,,,,,,SMR,,,,,LT103,RCH,LT103,RCH,JNE,,SIK,,TBH,,SSA,,VPS,,RKR,,LC13/LC14,,VKS,,LC5/LC6,,LC19/LC20,,F104,,,,,,,SS,WORKSHOP,,,,,,F107,,,,,MR,F106,AKS,F105/DGS,,VK,,ARP,,,,SUK,,SNJ,,,,F106,,,,,AKS,F105,,,,,DGS,N,,
,5,11:20:00,UTA024 P,,UTA024 P,,UCS415 P,,UCS415 P,,UCS414 P,,UCS414 P,,UCS414 L,,,,,,,,,,,,,,,,,,,,UTA026 L,,,,,,,,,,UES035 L,,,,,,,,,,UCS415 L,,,,,,,,,,,,,,,,,,,,UCS410 L,,UCS410 L,,UMA017 L,,UMA035 L,,,,,,,,,,,,UMA035 L,,,,,,,,,,UEC301 L,,,,,,,,DG,,,,,,UEC301 L,,,,,,,,,,UEC404 T,,UEC404 T,,,,UMA035 L,,,,,,UEC612 T,,,,,,UMA035 L,,,,,,,5,11:20:00
E,,,PROJECT,,C,,DS-1,,DS-2,,NS-1,,NS-2,,LT302,,,,,,,,,SR,,,,,,,,,,,LT301,,,,,,,,,SAT,LT102,,,,,,,,,SWT,LT401,,,,,,,,,MNS,,,,,,,,,,,F109,SD,F109,SD,T103,SJK,LT402,NK,,,,,,,,,,,LT402,,,,,,,,,RJD,F104,,,,,,,RAK,,,,,,,F107,,,,,AAR,,,,,E209,RVK,E203,KBS,,,F106,,,,,TV,B109,APC9,,,,,F105,,,,,AK,E,,
,6,12:10:00,LAB,,LAB,,LAB,,LAB,,LAB,,LAB,,UCS411 L,,,,,,,,,,,,,,,,,,,,UTA024 L,,,,,,,,,,,,,,,,,,,,,,,,,,,,,,,,,,,,,,,,,,UEC513 L,,,,,,,,,,,,,,,,,,,,,,,,,,UEC513 L,,,,,,,,UEC867 T,,,,,,,,,,,,,,,,,,,,,,,,,,,,,,,,,,,,,,,,,6,12:10:00
S,,,APC12,,PF-6,,TBH,,SCS-RA,,RJK,,SUS,,LT302,,,,,,,,,SOL,,,,,,,,,,,LT301,,,,,,,,,AM/SRO,,,,,,,,,,,,,,,,,,,,,,,,,,,,,,,,,F104,SKR,,,,,,,,,,,,,,,,,,,,,,,,,F104,,,,,,,SKR,E203,RPN,,,,,,,,,,,,,,,,,,,,,,,,,,,,,,,,,,,,,,,S,,
,7,13:00:00,,,,,,,,,,,,,,,,,,,,,,,,,,,,,,,,,,,,,,,,,,,UCS310 L,,,,,,,,,,,,,,,,,,,,,,,,,,,,,,,,,,,,,,UMA035 L,,,,,,,,,,,,,,,,,,,,,,,,,,,,,,,,,,,,,,,,,,,,,,,,UEC612 T,,,,,,,,,,,,,,,,,,,,,7,13:00:00
D,,,,,,,,,,,,,,,,,,,,,,,,,,,,,,,,,,,,,,,,,,,,,LT302,,,,,,,,,SKH,,,,,,,,,,,,,,,,,,,,,,,,,,,,,LT401,,,,,,,,,RKR,,,,,,,,,,,,,,,,,,,,,,,,,,,,,,,,,,,,,,,E203,ARP,,,,,,,,,,,,,,,,,,,D,,
,8,13:50:00,,,,,,,,,UES035 P,,UES035 P,,,,,,,,,,UCS411 P,,UCS411 L,,,,,,,,,,,,,,,,,,,,UCS415 L,,,,,,,,,,,,UCS411 P,,,,,,UCS415 P,,UCS414 P,,UCS414 P,,UTA024 P,,UTA024 P,,UTA024 P,,UCS415 P,,,,,,UCS415 P,,UCS310 L,,,,,,,,,,UCS310 P,,,,UCS503 P,,,,,,,,,,,,,,,,,,,,,,,,UEC301 T,,UMA035 L,,UEC502 T,,UTA024 L,,,,,,UEC612 P,,UNC401 P,,UEC404 P,,UMA035 L,,,,,,UEC513 P,,UTA024 P,,,,,8,13:50:00
A,,,,,,,,,,,ISD,,TFS,,,,,,,,,,SS-2,,LT301,,,,,,,,,SMR,,,,,,,,,,,LT302,,,,,,,,,SSA,,,PL-4,,,,,,DS-2,,NS-1,,NS-2,,PROJECT,,C,,ED-1A,,DS-1,,,,,,DS-1,,LT401,,,,,,,,,AAD,DBMS-1,,,,SE-1,,,,,,,,,,,,,,,,,,,,,,,,E202,AAR,F106,FM,E209,NHS,F107,,,,,MKA,FPG,,AI,,DSP,,F106,,,,,FM,MCES,,ED-2,,,,A,,
,9,14:40:00,,,,,,,,,LAB,,LAB,,,,,,,,,,LAB,,UCS415 L,,,,,,,,,,UES035 L,,,,,,,,,,UCS411 L,,,,,,,,,,,,LAB,,,,,,LAB,,LAB,,LAB,,LAB,,LAB,,LAB,,LAB,,UNC401 L,,,,LAB,,UCS503 L,,,,,,,,,,LAB,,,,LAB,,,,,,UEC404 T,,,,,,,,UEC301 L,,,,,,UEC867 L,,,,,,UNC401 L,,UEC612 T,,UNC401 L,,,,,,LAB,,LAB,,LAB,,UNC401 L,,,,,,LAB,,LAB,,UEC612 T,,,9,14:40:00
Y,,,,,,,,,,,RCH,,NJS,,,,,,,,,,DAM-RA,,LT301,,,,,,,,,SKK,LT402,,,,,,,,,SNP,LT302,,,,,,,,,JNE,,,SOL,,,,,,SHD,,SMG,,MCL,,APC6,,PF6,,DIS-RA,,MNS,,F107,VK,,,MNS,,LT401,,,,,,,,,HMK,CHP,,,,ASH,,,,,,E203,ST,,,,,,,F105,,,,,HS,F104,,,,,BG,F106,DGS,E209,MB,F107,,,,,VK,AS,,SUR,,RVK,,F106,,,,,DGS,DG,,GUS-CRA,,E209,MB,Y,,
,10,15:30:00,UCS411 P,,UCS411 P,,UTA024 P,,UTA024 P,,,,,,UTA026 L,,,,,,,,,,,,,,,,,,,,UTA026 P,,,,,,,,,,UCS414 P,,UCS414 P,,,,UES035 P,,,,,,,,,,,,,,,,,,,,,,,,UTA024 P,,,,,,,,UCS310 P,,UCS310 P,,UCS503 P,,UCS503 P,,UVCS415 P,,UCS415 L,,,,,,,,,,UES018 P,,UEC301 P,,UEC404 P,,UEC513 P,,UMA035 L,,,,,,UES018 P,,,,UEC404 T,,UMA035 P,,UTA025 P,,UTA025 P,,UTA025 P,,UTA024 P,,UTA024 P,,,,UMA035 P,,UTA025 P,,UTA025 P,,UMA035 P,,UMA035 P,,UTA025 P,,UTA025 P,,,10,15:30:00
,,,SS-1,,SS-2,,ED-1A,,ED-2,,,,,,LT302,,,,,,,,,PKC,,,,,,,,,,,WORKSHOP,,,,,,,,,,NS-1,,NS-2,,,,IOT,,,,,,,,,,,,,,,,,,,,,,,,ED-1B,,,,,,,,DBMS-1,,DBMS-2,,SE-1,,SE-2,,DS-2,,LT401,,,,,,,,,SSA,MFT,,EL,,DSP,,MCES,,F105,,,,,VKS,MFT,,,,E203,AKK,,,GG,,KSS,,KSS,,PROJECT,,C,,,,NEW/G309,,F106,,F106,,,,NA2,,GG,,GG,,,,
,11,16:20:00,LAB,,LAB,,LAB,,LAB,,,,,,UCS310 L,,,,,,,,,,,,,,,,,,,,DMG,,,,,,,,,,LAB,,LAB,,,,LAB,,,,,,,,,,,,,,,,,,,,,,,,LAB,,,,,,,,LAB,,LAB,,LAB,,LAB,,LAB,,UCS414 L,,,,,,,,,,LAB,,LAB,,LAB,,LAB,,,,UEC301 T,,,,LAB,,,,,,LAB-1,,E211,,E210,,E210,,LAB,,LAB,,,,LAB,,PMS,,PMS,,LAB-1,,LAB,,E211,,E211,,,11,16:20:00
,,,SAK,,SIK,,ASM,,KAS,,,,,,LT302,,,,,,,,,RRN,,,,,,,,,,,,,,,,,,,,,GAS,,VVK,,,,SWT,,,,,,,,,,,,,,,,,,,,,,,,KRK-RA,,,,,,,,JHB,,SKH,,PRM-RA,,HMK,,TNV-RA,,LT401,,,,,,,,,SAL,MA,,AAR,,SS,,SUK,,,,E203,APC8,,,MA,,,,,,MG,,,,,,,,NJ,,NHS,,,,AK,,,,,,MG,,JPR,,,,,,,,
,12,17:10:00,,,,,,,,,,,,,,,,,,,,,,,,,,,,,,,,,,,,,,,,,,,,,,,,,,,,,,,,,,,,,,,,,,,,,,,,,,,,,,,,,,,,,,,,,,,,,,,,,,,,,,,,,,,,,,,,,,,,,,,,,,,,,,,,,,,,,,,,,,,,,,,,,,,,,,12,17:10:00
,,,,,,,,,,,,,,,,,,,,,,,,,,,,,,,,,,,,,,,,,,,,,,,,,,,,,,,,,,,,,,,,,,,,,,,,,,,,,,,,,,,,,,,,,,,,,,,,,,,,,,,,,,,,,,,,,,,,,,,,,,,,,,,,,,,,,,,,,,,,,,,,,,,,,,,,,
,13,18:00:00,,,,,,,,,,,,,,,,,,,,,,,,,,,,,,,,,,,,,,,,,,,,,,,,,,,,,,,,,,,,,,,,,,,,,,,,,,,,,,,,,,,,,,,,,,,,,,,,,,,,,,,,,,,,,,,,,,,,,,,,,,,,,,,,,,,,,,,,,,,,,,,,,,,,,,13,18:00:00
,,,,,,,,,,,,,,,,,,,,,,,,,,,,,,,,,,,,,,,,,,,,,,,,,,,,,,,,,,,,,,,,,,,,,,,,,,,,,,,,,,,,,,,,,,,,,,,,,,,,,,,,,,,,,,,,,,,,,,,,,,,,,,,,,,,,,,,,,,,,,,,,,,,,,,,,,
,14,18:50:00,,,,,,,,,,,,,,,,,,,,,,,,,,,,,,,,,,,,,,,,,,,,,,,,,,,,,,,,,,,,,,,,,,,,,,,,,,,,,,,,,,,,,,,,,,,,,,,,,,,,,,,,,,,,,,,,,,,,,,,,,,,,,,,,,,,,,,,,,,,,,,,,,,,,,,14,18:50:00
,,,,,,,,,,,,,,,,,,,,,,,,,,,,,,,,,,,,,,,,,,,,,,,,,,,,,,,,,,,,,,,,,,,,,,,,,,,,,,,,,,,,,,,,,,,,,,,,,,,,,,,,,,,,,,,,,,,,,,,,,,,,,,,,,,,,,,,,,,,,,,,,,,,,,,,,,
,1,08:00:00,UTA024 P,,UTA024 P,,,,UCS310 P,,UCS411 P,,UCS411 P,,,,,,,,,,,,,,,,,,,,UCS310 P,,UCS415 L,,,,,,,,,,,,UCS415 P,,,,,,,,UTA026 P,,,,,,,,,,,,,,UCS414 P,,,,,,,,,,UES035 P,,,,UCS411 L,,,,,,,,,,,,,,UCS414 P,,UCS414 P,,,,,,,,UES018 P,,,,,,,,,,UEC404 P,,UEC513 P,,UES018 P,,,,UEC612 L,,,,,,,,UTA024 P,,UTA024 P,,UTA024 P,,,,,,,,UEC612 L,,,,,,,1,08:00:00
T,,,ED-1,,ED-1B,,,,DBMS-2,,SS-1,,SS-2,,,,,,,,,,,,,,,,,,,,DBMS-1,,LT302,,,,,,,,,MSH,,,DS-1,,,,,,,,WORKSHOP,,,,,,,,,,,,,,PL-3,,,,,,,,,,I&C,,,,LT401,,,,,,,,,JNE,,,,,NS-1,,NS2,,,,,,,,MFT,,,,,,,,,,DSP,,MCES,,MFT,,,,F104,DGS,,,,,,,ED-2,,PROJECT,,C,,,,,,,,F104,,,,,ARP,T,,
,2,08:50:00,LAB,,LAB,,,,LAB,,LAB,,LAB,,,,,,,,,,,,,,,,,,,,LAB,,UCS411 L,,,,,,,,,,,,LAB,,,,,,,,PKC,,,,,,,,,,,,,,LAB,,,,,,,,UNC401 L,,LAB,,,,UCS503 L,,,,,,,,,,,,,,LAB,,LAB,,,,,,,,LAB,,,,UEC301 L,,,,,,LAB,,LAB,,LAB,,UNC401 P,,UEC404 L,,UNC401 L,,,,,,LAB,,LAB,,LAB,,UNC401 L,,,,,,UEC404 L,,,,,,,2,08:50:00
H,,,ASM,,GUS-CRA,,,,RRN,,DAM-RA,,RIG-RA,,,,,,,,,,,,,,,,,,,,SKH,,LT302,,,,,,,,,ABJ,,,RMT,,,,,,,,,,,,,,,,,,,,,,SUS,,,,,,,,F107,VK,DBM,,,,LT401,,,,,,,,,HMK,,,,,SR,,VVK,,,,,,,,MA,,,,F105,,,,,HS,APC-7,,GDS,,MA,,F106,DGS,F104,RVK,F107,,,,,VK,RSD-RA,,PF-6,,PF9,,F106,,,,,DGS,F104,,,,,RVK,H,,
,3,09:40:00,UCS411 L,,,,,,,,,,,,,,UES035 P,,UCS310 P,,UES035 P,,UTA024 P,,UTA024 P,,UTA024 P,,,,,,UTA024 P,,,,UES035 P,,UES035 P,,,,,,,,UCS411 P,,,,,,UCS414 P,,,,,,,,,,,,,,UTA024 P,,,,UCS414 P,,,,UCS411 L,,,,UCS411 L,,UCS411 L,,,,,,,,UCS310 P,,UCS503 P,,UCS411 P,,UCS411 P,,UCS415 P,,UCS415 P,,UCS414 P,,UMA035 L,,,,,,,,UTA025 P,,,,UEC513 P,,UMA035 P,,UMA035 P,,UEC404 P,,UEC404 L,,UEC513 L,,UEC513 L,,,,,,UMA035 P,,UEC612 P,,UNC401 P,,UEC404 L,,,,,,UEC513 L,,,,,,,3,09:40:00
U,,,LT103,,,,,,,,,,,SAK,,,BMC,,DBMS-2,,IOT,,PROJECT,,ED-1A,,ED-2,,,,,,C,,,,TFS,,ISD,,,,,,,,PL-3,,,,,,NS-1,,,,,,,,,,,,,,ED-1B,,,,PL-4,,,,LT103,SAK,,,LT103,SAK,LT103,SAK,,,,,,,DBMS-1,,SE-1,,SS-1,,SS-2,,DS-1,,DS-2,,NS-2,,F105,,,,,,,JPR,E201,,,,MCES,,,,NA-1,,DSP,,F106,AKS,F104,DN,F107,,,,,KSS,PG,,FPGA,,AI,,F106,,,,,AKS,F104,,,,,DN,U,,
,4,10:30:00,UCS415 L,,,,,,,,,,,,,,LAB,,LAB,,LAB,,LAB,,LAB,,LAB,,,,,,LAB,,,,LAB,,LAB,,,,,,,,LAB,,,,,,LAB,,,,,,,,,,,,,,LAB,,,,LAB,,,,UCS415 L,,UEC404 L,,,,UCS415 L,,,,,,,,LAB,,LAB,,LAB,,LAB,,LAB,,LAB,,LAB,,UEC404 L,,,,,,,,ASO,,,,LAB,,LAB-1,,LAB,,LAB,,UEC513 L,,UNC401 L,,UEC404 L,,,,,,LAB,,LAB,,LAB,,UEC513 L,,,,,,UNC401 L,,,,,,,4,10:30:00
R,,,LT103,,,,,,,,,,,TBH,,,VKM,,AV,,NJS,,APC14,,NAW-RA,,AKV,,,,,,PF-5,,,,SNP,,SWT,,,,,,,,PRY-RA,,,,,,SHS,,,,,,,,,,,,,,RJH-RA,,,,MCL,,,,LT103,TBH,F107,KBS,,,LT103,TBH,,,,,,,HSM-RA,,ASH,,SOL,,SMR,,TNV-RA,,SUG,,SAL,,F105,,,,,,,SS,,,,,PF-1,,FM,,AK,,ST,,F106,NEC-5,F104,DGS,F107,,,,,KBS,LC11/LC12,,ARP,,AUS,,F106,,,,,NEC-5,F104,,,,,DGS,R,,
,5,11:20:00,UTA026 L,,,,,,,,,,,,UCS415 L,,,,,,,,,,,,,,,,,,,,,,,,,,,,,,UCS411 L,,,,,,,,,,,,UES035 P,,UCS411 P,,UCS5415 P,,UCS310 P,,UES035 L,,,,,,,,,,UCS414 P,,UCS410 P,,UTA026 L,,,,,,,,,,,,,,UCS503 L,,,,,,,,,,UEC301 L,,,,,,,,,,UES018 P,,UTA025 P,,,,UEC404 T,,UEC867 T,,UTA024 P,,UEC404 P,,UMA035L,,,,,,UEC404 L,,,,,,UMA035 P,,UMA035 P,,UTA024 P,,UTA024 P,,UEC513 P,,UEC404 P,,,5,11:20:00
S,,,LT103,,,,,,,,,,,DMG,LT301,,,,,,,,,SHD,,,,,,,,,,,,,,,,,,,,,LT302,,,,,,,,,JNE,,,ISD,,SS-1,,DS-2,,DBMS-1,,LT402,,,,,,,,,DBM,NS-1,,PG,,LT103,DMG,,,,,,,,,,,,,LT401,,,,,,,,,ASH,F105,,,,,,,RAK,,,MFT,,E202,,,,E203,APC7,E209,AKC,PROJECT,,DSP,,F107,,,,,SJK,F106,,,,,SNJ,NEW/G309,,FIST,,PROJECT,,C,,MCES,,DSP,,S,,
,6,12:10:00,,,,,,,,,,,,,UCS310 L,,,,,,,,,,,,,,,,,,,,,,,,,,,,,,UCS415 L,,,,,,,,,,,,LAB,,LAB,,LAB,,LAB,,UTA026 L,,,,,,,,,,LAB,,LAB,,UMA017 L,,,,,,,,,,,,,,UCS310 L,,,,,,,,,,,,,,,,,,,,LAB,,APH,,,,,,,,LAB,,LAB,,UEC612 L,,,,,,UNC401  L,,,,,,LAB,,LAB,,LAB,,LAB,,LAB,,LAB,,,6,12:10:00
D,,,,,,,,,,,,,,,LT301,,,,,,,,,RRN,,,,,,,,,,,,,,,,,,,,,LT302,,,,,,,,,SSA,,,ANP,,,,SCS-RA,,VAP,,LT402,,,,,,,,,PKC,CHK-RA,,SD,,T103,SJK,,,,,,,,,,,,,LT401,,,,,,,,,CHP,,,,,,,,,,,,,,,,,,,,,NJ,,AKK,,F107,,,,,AA,F106,,,,,AUS,VKS,,RJD,,APC6,,AMK-2,,KSS,,AKK,,D,,
,7,13:00:00,,,,,,,,,,,,,,,,,,,,,,,UES035 L,,,,,,,,,,,,,,,,,,,,,,,,,,,,,,,,,,,,,,,,,,,,,,,,,,,,,,,,,,UCS310 L,,,,,,,,,,,,,,,,,,,,,,,,,,,,,,,,,,,,,,,,,,,,,,,,,,,,,,,,,,,,,,,,,,,,,7,13:00:00
A,,,,,,,,,,,,,,,,,,,,,,,,,LT302,,,,,,,,,VKT,,,,,,,,,,,,,,,,,,,,,,,,,,,,,,,,,,,,,,,,,,,,,,,,,LT401 ,,,,,,,,,AAD,,,,,,,,,,,,,,,,,,,,,,,,,,,,,,,,,,,,,,,,,,,,,,,,,,,,,,,,,,,A,,
,8,13:50:00,,,,,,,,,,,,,,,,,,,,,UCS414 P,,UCS310 L,,,,,,,,,,,,,,,,,,,,,,,,,,,,,,UCS310 P,,UCS310 P,,UES035 P,,UES035 P,,,,UCS415 L,,,,,,,,,,UCS410 P,,UNC401 P,,,,,,UCS415 P,,UCS415 P,,UCS411 P,,UCS414 P,,UCS411 P,,,,,,,,,,,,,,,,UTA025 P,,,,UEC513 L,,,,,,,,,,UEC301 P,,,,,,UEC612 P,,UNC401 P,,,,,,,,,,UTA024 P,,UTA024 P,,UEC513 P,,,,UEC404 P,,,,,8,13:50:00
Y,,,,,,,,,,,,,,,,,,,,,,,NS-1,,LT302,,,,,,,,,SRO,,,,,,,,,,,,,,,,,,,,,DBMS-1,,DBMS-2,,IOT,,ISD,,,,LT401,,,,,,,,,SHD,PG,,AI,,,,,,DS-1,,DS-2,,SS-1,,NS2,,SS-2,,,,,,,,,,,,,,,,E203,,,,F105,,,,,NEC6,,,,,EL,,,,,,FPGA,,AI,,,,,,,,,,PROJECT,,C,,MCES,,,,DSP,,,,Y,,
,9,14:40:00,UES035 L,,,,,,,,,,,,,,,,,,,,LAB,,UCS415 L,,,,,,,,,,,,,,,,,,,,UES035 L,,,,,,,,,,LAB,,LAB,,LAB,,LAB,,,,UCS411 L,,,,,,,,,,LAB,,LAB,,UES035 L,,UES035 L,,LAB,,LAB,,LAB,,LAB,,LAB,,,,,,,,,,,,,,,,SCB,,,,UES018 L,,,,,,,,,,LAB,,UEC513 P,,,,LAB,,LAB,,,,UTA024 L,,,,,,LAB,,LAB,,LAB,,,,LAB,,,,,9,14:40:00
,,,LT103,,,,,,,,,,,RCH,,,,,,,,,SR,,LT302,,,,,,,,,SKK,,,,,,,,,,,LT402,,,,,,,,,SWT,RKR,,SKH,,ANP,,TA10,,,,LT401,,,,,,,,,SMR,SD,,,,LT103,RCH,LT103,RCH,MAK,,PLK-RA,,SAK,,MCL,,ABJ,,,,,,,,,,,,,,,,,,,,F105,,,,,MA/DG,,,,,AA,,MCES,,,,NHS,,AKV,,,,F106,,,,,ASM/MKA,NJ,,PF-7,,APC16,,,,AKS,,,,,,
,10,15:30:00,UCS414 L,,,,,,,,,,,,UCS411 L,,,,,,,,,,UCS414 P,,UCS411 P,,UCS310 P,,UCS310 P,,UCS411 P,,,,,,UES035 P,,UCS414 P,,UTA024 P,,UCS415 P,,UTA024 P,,UTA024 P,,,,UTA024 P,,UTA026 L,,,,,,,,,,UCS414 L,,,,,,,,,,UCS414 L,,,,,,,,,,,,,,,,,,,,,,,,,,,,,,,,,,,,UEC404 T,,UEC513 P,,UMA035 P,,UEC301 P,,UEC867 T,,,,LAB,,UEC502 P,,,,UEC404 P,,,,UMA035 L,,,,,,UTA024 L,,,,,,,,UEC404 T,,,,,10,15:30:00
,,,LT103,,,,,,,,,,,SHS,LT302,,,,,,,,,SOL,NS-2,,SS-1,,DBMS-1,,DBMS-2,,SS-2,,,,,,DS-2,,NS-1,,PROJECT,,DS-1,,ED-1A,,ED-2,,,,C,,LT301,,,,,,,,,PCY,LT401,,,,,,,,,VVK,LT103,SHS,,,,,,,,,,,,,,,,,,,,,,,,,,,,,,,,,,,E203,,MCES,,FIST,,EL,,E202,BG,,,,,AI,,,,DSP,,,,F106,,,,,TV,F107,,,,,SRO/RJS,,,B109,AKK,,,,,
,11,16:20:00,UCS310 L,,,,,,,,,,,,UTA026 L,,,,,,,,,,LAB,,LAB,,LAB,,LAB,,LAB,,,,,,LAB,,LAB,,LAB,,LAB,,LAB,,LAB,,,,LAB,,UES025 L,,,,,,,,,,UCS310 L,,,,,,,,,,UCS310 L,,UCS310 L,,UCS310 L,,UCS310 L,,,,,,,,,,,,,,,,,,,,,,,,,,,,,,,,LAB,,LAB,,RAK,,UEC301 T,,,,UTA024 L,,LAB,,,,LAB,,,,UEC404 T,,UEC612 T,,,,,,,,,,,,,,,,,11,16:20:00
,,,LT103,,,,,,,,,,,RKR,LT302,,,,,,,,,PKC,ANU-RA,,SIK,,HSM-RA,,VAP,,ADS-CRA,,,,,,MNS,,GAS,,HSS,,MSH,,NAD-RA,,GRC-RA,,,,PF9,,LT301,,,,,,,,,ANP,LT401,,,,,,,,,RRN,LT103,RKR,LT103,RKR,LT103,RKR,LT103,RKR,,,,,,,,,,,,,,,,,,,,,,,,,,,,,,,DN,,JPR,,,,E202,HS,,,F107,SRO/RJS,NHS,,,,KBS,,,,E204,SNJ,E203,MB,,,,,,,,,,,,,,,,,
,12,17:10:00,,,,,,,,,,,,,,,,,,,,,,,,,,,,,,,,,,,,,,,,,,,,,,,,,,,,,,,,,,,,,,,,,,,,,,,,,,,,,,,,,,,,,,,,,,,,,,,,,,,,,,,,,,,,,,,,,,,,,,,,,,,,,,,,,,,,,,,,,,,,,,,,,,,,,,12,17:10:00
,,,,,,,,,,,,,,,,,,,,,,,,,,,,,,,,,,,,,,,,,,,,,,,,,,,,,,,,,,,,,,,,,,,,,,,,,,,,,,,,,,,,,,,,,,,,,,,,,,,,,,,,,,,,,,,,,,,,,,,,,,,,,,,,,,,,,,,,,,,,,,,,,,,,,,,,,
,13,18:00:00,,,,,,,,,,,,,,,,,,,,,,,,,,,,,,,,,,,,,,,,,,,,,,,,,,,,,,,,,,,,,,,,,,,,,,,,,,,,,,,,,,,,,,,,,,,,,,,,,,,,,,,,,,,,,,,,,,,,,,,,,,,,,,,,,,,,,,,,,,,,,,,,,,,,,,13,18:00:00
,,,,,,,,,,,,,,,,,,,,,,,,,,,,,,,,,,,,,,,,,,,,,,,,,,,,,,,,,,,,,,,,,,,,,,,,,,,,,,,,,,,,,,,,,,,,,,,,,,,,,,,,,,,,,,,,,,,,,,,,,,,,,,,,,,,,,,,,,,,,,,,,,,,,,,,,,
,14,18:50:00,,,,,,,,,,,,,,,,,,,,,,,,,,,,,,,,,,,,,,,,,,,,,,,,,,,,,,,,,,,,,,,,,,,,,,,,,,,,,,,,,,,,,,,,,,,,,,,,,,,,,,,,,,,,,,,,,,,,,,,,,,,,,,,,,,,,,,,,,,,,,,,,,,,,,,14,18:50:00
,,,,,,,,,,,,,,,,,,,,,,,,,,,,,,,,,,,,,,,,,,,,,,,,,,,,,,,,,,,,,,,,,,,,,,,,,,,,,,,,,,,,,,,,,,,,,,,,,,,,,,,,,,,,,,,,,,,,,,,,,,,,,,,,,,,,,,,,,,,,,,,,,,,,,,,,,
,1,08:00:00,,,UCS415 P,,UCS411 P,,UCS411 P,,UTA024 P,,UTA024 P,,UTA026 P,,,,,,,,,,UTA026 L,,,,,,,,,,,,UCS310 P,,UCS310 P,,UTA024 P,,UTA024 P,,UCS310 L,,,,,,,,,,,,,,,,,,,,,,,,,,UCS415 P,,UCS414 P,,,,,,UTA026 P,,,,UCS414 P,,,,,,,,,,UCS411 L,,,,,,,,,,UES018 L,,,,,,,,,,,,,,UES018 L,,,,,,,,UNC401 L,,UMA035 P,,UMA035 P,,UEC404 P,,,,,,UTA024 P,,,,,,,,UNC401 L,,,,,,,1,08:00:00
F,,,,,DS-2,,SS-1,,SS-2,,PROJECT,,C,,WORKSHOP,,,,,,,,,,LT301,,,,,,,,,PCY,,,DBMS-1,,DBMS-2,,ED-1A,,ED-2,,LT302,,,,,,,,,SKH,,,,,,,,,,,,,,,,,DS-1,,NS-2,,,,,,WORKSHOP,,,,NS-1,,,,,,,,,,LT401 ,,,,,,,,,ABJ,F105,,,,,,,MA,,,,,,,F107,,,,,VKS-MA,,,F104,DGS,NA-1,,NA-2,,DSP,,,,,,ED-1B,,,,,,,,F104,,,,,DGS,F,,
,2,08:50:00,,,LAB,,LAB,,LAB,,LAB,,LAB,,SAT,,,,,,,,,,UCS411 L,,,,,,,,,,,,LAB,,LAB,,LAB,,LAB,,UCS414 L,,,,,,,,,,UES035 L,,,,,,,,,,,,,,,,LAB,,LAB,,,,UEC513 L,,LAB,,,,LAB,,,,,,,,,,UCS414 L,,,,,,,,,,UEC513 L,,,,,,,,,,,,,,UEC867 L,,,,,,UEC404 L,,UEC612 L,,LAB,,LAB,,LAB,,,,,,LAB,,,,,,,,UEC612 L,,,,,,,2,08:50:00
R,,,,,MDY-RA,,SAK,,ADS-CRA,,PF-5,,PF-7,,,,,,,,,,,,LT301,,,,,,,,,SMR,,,RRN,,HSM-RA,,GRC-RA,,RJH-RA,,LT302,,,,,,,,,VVK,LT402,,,,,,,,,ANP,,,,,,,SHD,,ANY-RA,,,,F105,SKR,SAT,,,,CHK-RA,,,,,,,,,,LT401 ,,,,,,,,,SAL,F105,,,,,,,SKR,,,,,,,F107,,,,,BG,F106,AKS,F104,ARP,LC5/LC6,,LC9/LC10,,RVK,,,,,,KRK-RA,,,,,,,,F104,,,,,ARP,R,,
,3,09:40:00,UTA026 P,,,,,,,,,,,,UCS411 P,,UCS411 P,,UCS415 P,,UCS415 P,,UTA024 P,,,,,,,,,,,,UTA024 P,,,,,,UES035 P,,UES035 P,,UCS411 L,,,,,,,,,,,,,,UCS414 P,,UCS414 P,,UTA024 P,,UES035 P,,,,UES035 P,,,,UTA024 P,,UCS411 P,,UEC404 T,,UCS411 P,,UCS411 P,,UMA035 L,,,,,,,,,,UCS503 P,,UCS503 P,,,,UCS310 P,,UCS310 P,,UEC301 T,,UEC404 T,,UEC301 P,,UEC404 P,,UMA035 L,,,,,,UEC301 L,,,,,,UEC513 L,,UEC513 P,,UEC513 L,,,,,,,,,,,,UEC513 L,,,,,,UEC612 P,,UNC401 P,,UEC513 P,,,3,09:40:00
I,,,WORKSHOP,,,,,,,,,,,,SS-1,,SS-2,,DS-1,,DS-2,,ED-1A,,,,,,,,,,,,ED-2,,,,,,IOT,,BMC,,LT302,,,,,,,,,JNE,,,,,NS-1,,NS-2,,PROJECT,,TFS,,,,ISD,,,,C,,GC-1,,E203,ST,GC-1,,GC-1,,LT401,,,,,,,,,RKR,SE-1,,SE-2,,,,DBMS-1,,DBMS-2,,E209,HS,E203,ST,EL,,DSP,,F105,,,,,VKS,F107,,,,,AAR,F106,NEC-5,MCES,,F104,,,,,KSS,,,,,,,F106,,,,,NEC-5,FPGA,,AI,,MCES,,I,,
,4,10:30:00,DMG,,,,,,,,,,,,LAB,,LAB,,LAB,,LAB,,LAB,,,,,,,,,,,,LAB,,,,,,LAB,,LAB,,UCS415 L,,,,,,,,,,,,,,LAB,,LAB,,LAB,,LAB,,,,LAB,,,,LAB,,LAB,,,,LAB,,LAB,,UCS414 L,,,,,,,,,,LAB,,LAB,,,,LAB,,LAB,,,,UEC867 T,,LAB,,LAB,,UEC404 L,,,,,,UEC513 L,,,,,,UEC612 L,,LAB,,UMA035 L,,,,,,UEC612 T,,,,,,UEC612 L,,,,,,LAB,,LAB,,LAB,,,4,10:30:00
D,,,,,,,,,,,,,,,ABJ,,SIK,,MSH,,SKK,,NAD-RA,,,,,,,,,,,,SRO,,,,,,SNP,,,,LT302,,,,,,,,,SSA,,,,,SR,,TAG,,APC12,,TA8,,,,DBM,,,,APC14,,PRY-RA,,,,PRY-RA,,PRY-RA,,LT401,,,,,,,,,MCL,PRM-RA,,ISH-RA,,,,AAD,,RKR,,,,E203,BG,APC8,,APC-7,,F105,,,,,AKK,F107,,,,,SUK,F106,MB,DN,,F104,,,,,SJK,E209,AS,,,,,F106,,,,,MB,MB,,DGS,,PV,,D,,
,5,11:20:00,UCS415 L,,,,,,,,,,,,UCS411 L,,,,,,,,,,UCS415 P,,UCS415 P,,UES035 P,,UCS414 P,,UCS414 P,,,,,,,,,,,,UCS310 P,,UCS310 P,,UCS411 P,,UCS411 P,,UES035 P,,UES035 P,,,,,,UCS411 P,,UTA024 P,,,,,,,,,,,,UCS415 L,,,,,,UCS415 L,,UCS411 L,,,,,,,,,,,,,,,,,,,,UTA025 P,,,,UEC513 P,,UES018 P,,UEC867 L,,,,,,UEC404 L,,,,,,UMA035 L,,UTA024 P,,,,,,UEC404 T,,UEC513 L,,,,,,UMA035 L,,,,,,UTA024 P,,UTA024 P,,UTA024 P,,,5,11:20:00
A,,,LT103,,,,,,,,,,,TBH,LT302,,,,,,,,,SOL,PL-1,,PL-2,,BMC,,NS-1,,NS-2,,,,,,,,,,,,DBMS-1,,DBMS-2,,SS-1,,SS-2,,IOT,,ISD,,,,,,PL-3,,ED-2,,,,,,,,,,,,LT103,TBH,,,,,LT103,TBH,LT401,,,,,,,,,JNE,,,,,,,,,,,E202,,,,MCES,,MFT,,F105,,,,,RPN,F107,,,,,ST,F104,FM,C,,,,,,E209,RVK,F106,,,,,GDS,F104,,,,,FM,ED-1A,,PROJECT,,C,,A,,
,6,12:10:00,UCS411 L,,,,,,,,,,,,UES035 L,,,,,,,,,,LAB,,LAB,,LAB,,LAB,,LAB,,,,,,,,,,,,LAB,,LAB,,LAB,,LAB,,LAB,,LAB,,,,,,LAB,,LAB,,,,,,,,,,,,UCS414 L,,,,,,,,UCS415 L,,,,,,,,,,,,,,,,,,,,SCB,,,,LAB,,LAB,,UEC513 L,,,,,,UMA035 L,,,,,,,,LAB,,,,,,,,UEC612 L,,,,,,UEC404 T,,UEC404 T,,,,LAB,,LAB,,LAB,,,6,12:10:00
Y,,,LT103,,,,,,,,,,,SHS,LT302,,,,,,,,,VKM,DPK,,SCS-RA,,VKT,,GAS,,TAG,,,,,,,,,,,,CHP,,NSH-RA,,SBN-RA,,DET,,SWT,,ANP,,,,,,SMR,,RSD-RA,,,,,,,,,,,,LT103,SHS,,,,,,,LT401,,,,,,,,,MSH,,,,,,,,,,,,,,,APC16,,MA,,F105,,,,,PV,F107,,,,,MR,,,PF7,,,,,,,,F106,,,,,AS,E203,SNJ,E209,AKS,,,KRK-RA,,PF5,,AM,,Y,,
,7,13:00:00,,,,,,,,,,,,,,,,,,,,,,,,,,,,,,,,,UCS310 L,,,,,,,,,,,,,,,,,,,,,,,,,,,,,,UTA026 L,,,,,,,,,,,,,,,,UMA035 L,,,,,,,,,,,,UMA035 L,,,,,,,,,,,,,,,,,,,,,,,,,,,,,,,,,,,,,,,,,,,,,,,,,,,,,,,,,,,7,13:00:00
,,,,,,,,,,,,,,,,,,,,,,,,,,,,,,,,,,,LT302,,,,,,,,,AAD,,,,,,,,,,,,,,,,,,,,,LT301,,,,,,,,,PKC,,,,,,,LT401 ,NK,,,,,,,,,,,LT401 ,,,,,,,,,RJD,,,,,,,,,,,,,,,,,,,,,,,,,,,,,,,,,,,,,,,,,,,,,,,,,,,
,8,13:50:00,UCS415 P	,,,,,,,,,,,,,,,,,,,,,,UCS411 P,,UCS414 P,,UCS414 P,,UCS411 P,,UCS415 P,,UCS411 L,,,,,,,,,,,,,,UTA024 P,,UTA024 P,,UCS310 P,,UCS415 L,,,,,,,,,,UCS415 P,,UCS415 P,,UCS411 P,,UCS411 P,,,,UCS310 P,,UCS310 P,,UCS310 P,,UCS310 P,,,,,,,,,,,,,,,,,,,,,,UES018 P,,,,,,,,,,,,UES018 P,,UES018 P,,,,,,UEC612 P,,UNC401 P,,UEC404 P,,UEC513 P,,UMA035 P,,,,UTA024 P,,,,,,,,UEC612 P,,,,,,UNC401 P,,,8,13:50:00
,,,PL-V,,,,,,,,,,,,,,,,,,,,,,SS-1,,NS-1,,NS-2,,SS-2,,PL-1,,LT302,,,,,,,,,ABJ,,,,,PROJECT,,C,,DBMS-1,,LT401,,,,,,,,,MNS,DS-1,,DS-2,,PL-3,,PL-4,,,,PL-2,,PL-2,,DBMS-2,,DBMS-2,,,,,,,,,,,,,,,,,,,,,,WORKSHOP,,,,,,,,,,,,MFT,,WORKSHOP,,,,,,FPGA,,AI,,DSP,,MCES,,NA-2,,,,ED-2,,,,,,,,FPGA,,,,,,AI,,,,
,9,14:40:00,LAB,,,,,,,,,,,,,,,,,,,,,,LAB,,LAB,,LAB,,LAB,,LAB,,UCS414 L,,,,,,,,,,,,,,LAB,,LAB,,LAB,,UCS411 L,,,,,,,,,,LAB,,LAB,,LAB,,LAB,,,,LAB,,LAB,,LAB,,LAB,,,,,,,,,,,,,,,,,,,,,,DG,,,,,,,,,,,,LAB,,VKS,,,,,,LAB,,LAB,,LAB,,LAB,,LAB,,,,LAB,,,,,,,,LAB,,,,,,LAB,,,9,14:40:00
,,,TBH,,,,,,,,,,,,,,,,,,,,,,PRY-RA,,SAL,,GAS,,ATI,,SKK,,LT302,,,,,,,,,MCL,,,,,APC14,,APC12,,HSM-RA,,LT401,,,,,,,,,SIK,MSH,,SSA,,RIG-RA,,SEW,,,,DAM-RA,,DAM-RA,,ARS-RA,,ARS-RA,,,,,,,,,,,,,,,,,,,,,,,,,,,,,,,,,,MA,,,,,,,,MB,,DGS,,AKS,,DN,,FM,,,,RJH-RA,,,,,,,,MB,,,,,,DGS,,,,
,10,15:30:00,,,,,,,,,,,,,UCS414 P,,UCS414 P,,UCS411 P,,UCS411 P,,,,UTA026 P,,,,,,,,,,UCS415 P,,UCS415 P,,,,UCS310 P,,UCS310 P,,UTA024 P,,,,,,,,,,UCS414 L,,,,,,,,,,UES035 L,,,,,,,,,,UTA024 P,,,,,,,,,,,,,,,,,,,,,,,,,,,,UES018 L,,,,,,,,,,,,,,UES018 L,,,,,,,,,,UTA024 P,,,,,, ,,UEC513 P,,,,,,,,,,,,,,,,,10,15:30:00
,,,,,,,,,,,,,,,NS-1,,NS-2,,SS-1,,SS-2,,,,WORKSHOP,,,,,,,,,,DS-2,,DS-1,,,,DBMS-1,,DBMS-2,,ED-1A,,,,,,,,,,LT401,,,,,,,,,TAG,LT301,,,,,,,,,DBM,PROJECT,,,,,,,,,,,,,,,,,,,,,,,,,,,,F106,,,,,,,VKS,,,,,,,F106,,,,,VKS,,,,,ED-2,,,,,,DSP,,MCES,,,,,,,,,,,,,,,,,,
,11,16:20:00,,,,,,,,,,,,,LAB,,LAB,,LAB,,LAB,,,,PKC,,,,,,,,,,LAB,,LAB,,,,LAB,,LAB,,LAB,,,,,,,,,,UCS310 L,,,,,,,,,,,,,,,,,,,,LAB,,,,,,,,,,,,,,,,,,,,,,,,,,,,,,,,,,,,,,,,,,,,,,,,,,,,LAB,,,,,,LAB,,LAB,,,,,,,,,,,,,,,,,11,16:20:00
,,,,,,,,,,,,,,,RAT-RA,,ANU-RA,,ADS-CRA,,SIK,,,,,,,,,,,,,,MNS,,KUA-RA,,,,DAM-RA,,AV,,GRC-RA,,,,,,,,,,LT401,,,,,,,,,VAP,,,,,,,,,,,APC6,,,,,,,,,,,,,,,,,,,,,,,,,,,,,,,,,,,,,,,,,,,,,,,,,,,,RSD-RA,,,,,,SNJ,,APC16,,,,,,,,,,,,,,,,,,
,12,17:10:00,,,,,,,,,,,,,,,,,,,,,,,,,,,,,,,,,,,,,,,,,,,,,,,,,,,,,,,,,,,,,,,,,,,,,,,,,,,,,,,,,,,,,,,,,,,,,,,,,,,,,,,,,,,,,,,,,,,,,,,,,,,,,,,,,,,,,,,,,,,,,,,,,,,,,,12,17:10:00
,,,,,,,,,,,,,,,,,,,,,,,,,,,,,,,,,,,,,,,,,,,,,,,,,,,,,,,,,,,,,,,,,,,,,,,,,,,,,,,,,,,,,,,,,,,,,,,,,,,,,,,,,,,,,,,,,,,,,,,,,,,,,,,,,,,,,,,,,,,,,,,,,,,,,,,,,
,13,18:00:00,,,,,,,,,,,,,,,,,,,,,,,,,,,,,,,,,,,,,,,,,,,,,,,,,,,,,,,,,,,,,,,,,,,,,,,,,,,,,,,,,,,,,,,,,,,,,,,,,,,,,,,,,,,,,,,,,,,,,,,,,,,,,,,,,,,,,,,,,,,,,,,,,,,,,,13,18:00:00
,,,,,,,,,,,,,,,,,,,,,,,,,,,,,,,,,,,,,,,,,,,,,,,,,,,,,,,,,,,,,,,,,,,,,,,,,,,,,,,,,,,,,,,,,,,,,,,,,,,,,,,,,,,,,,,,,,,,,,,,,,,,,,,,,,,,,,,,,,,,,,,,,,,,,,,,,
,14,18:50:00,,,,,,,,,,,,,,,,,,,,,,,,,,,,,,,,,,,,,,,,,,,,,,,,,,,,,,,,,,,,,,,,,,,,,,,,,,,,,,,,,,,,,,,,,,,,,,,,,,,,,,,,,,,,,,,,,,,,,,,,,,,,,,,,,,,,,,,,,,,,,,,,,,,,,,14,18:50:00
,,,,,,,,,,,,,,,,,,,,,,,,,,,,,,,,,,,,,,,,,,,,,,,,,,,,,,,,,,,,,,,,,,,,,,,,,,,,,,,,,,,,,,,,,,,,,,,,,,,,,,,,,,,,,,,,,,,,,,,,,,,,,,,,,,,,,,,,,,,,,,,,,,,,,,,,,
,1,08:00:00,,,,,,,,,,,,,,,,,,,,,,,,,,,,,,,,,,,,,,,,,,,,,,,,,,,,,,,,,,,,,,,,,,,,,,,,,,,,,,,,,,,,,,,,,,,,,,,,,,,,,,,,,,,,,,,,,,,,,,,,,,,,,,,,,,,,,,,,,,,,,,,,,,,,,,1,08:00:00
S,,,,,,,,,,,,,,,,,,,,,,,,,,,,,,,,,,,,,,,,,,,,,,,,,,,,,,,,,,,,,,,,,,,,,,,,,,,,,,,,,,,,,,,,,,,,,,,,,,,,,,,,,,,,,,,,,,,,,,,,,,,,,,,,,,,,,,,,,,,,,,,,,,,,,,,S,,
,2,08:50:00,,,,,,,,,,,,,,,,,,,,,,,,,,,,,,,,,,,,,,,,,,,,,,,,,,,,,,,,,,,,,,,,,,,,,,,,,,,,,,,,,,,,,,,,,,,,,,,,,,,,,,,,,,,,,,,,,,,,,,,,,,,,,,,,,,,,,,,,,,,,,,,,,,,,,,2,08:50:00
A,,,,,,,,,,,,,,,,,,,,,,,,,,,,,,,,,,,,,,,,,,,,,,,,,,,,,,,,,,,,,,,,,,,,,,,,,,,,,,,,,,,,,,,,,,,,,,,,,,,,,,,,,,,,,,,,,,,,,,,,,,,,,,,,,,,,,,,,,,,,,,,,,,,,,,,A,,
,3,09:40:00,,,,,,,,,,,,,,,,,,,,,,,,,,,,,,,,,,,,,,,,,,,,,,,,,,,,,,,,,,,,,,,,,,,,,,,,,,,,,,,,,,,,,,,,,,,,,,,,,,,,,,,,,,,,,,,,,,,,,,,,,,,,,,,,,,,,,,,,,,,,,,,,,,,,,,3,09:40:00
,,,,,,,,,,,,,,,,,,,,,,,,,,,,,,,,,,,,,,,,,,,,,,,,,,,,,,,,,,,,,,,,,,,,,,,,,,,,,,,,,,,,,,,,,,,,,,,,,,,,,,,,,,,,,,,,,,,,,,,,,,,,,,,,,,,,,,,,,,,,,,,,,,,,,,,,,
T,4,10:30:00,,,,,,,,,,,,,,,,,,,,,,,,,,,,,,,,,,,,,,,,,,,,,,,,,,,,,,,,,,,,,,,,,,,,,,,,,,,,,,,,,,,,,,,,,,,,,,,,,,,,,,,,,,,,,,,,,,,,,,,,,,,,,,,,,,,,,,,,,,,,,,,,,,,,,T,4,10:30:00
,,,,,,,,,,,,,,,,,,,,,,,,,,,,,,,,,,,,,,,,,,,,,,,,,,,,,,,,,,,,,,,,,,,,,,,,,,,,,,,,,,,,,,,,,,,,,,,,,,,,,,,,,,,,,,,,,,,,,,,,,,,,,,,,,,,,,,,,,,,,,,,,,,,,,,,,,
U,5,11:20:00,,,,,,,,,,,,,,,,,,,,,,,,,,,,,,,,,,,,,,,,,,,,,,,,,,,,,,,,,,,,,,,,,,,,,,,,,,,,,,,,,,,,,,,,,,,,,,,,,,,,,,,,,,,,,,,,,,,,,,,,,,,,,,,,,,,,,,,,,,,,,,,,,,,,,U,5,11:20:00
,,,,,,,,,,,,,,,,,,,,,,,,,,,,,,,,,,,,,,,,,,,,,,,,,,,,,,,,,,,,,,,,,,,,,,,,,,,,,,,,,,,,,,,,,,,,,,,,,,,,,,,,,,,,,,,,,,,,,,,,,,,,,,,,,,,,,,,,,,,,,,,,,,,,,,,,,
R,6,12:10:00,,,,,,,,,,,,,,,,,,,,,,,,,,,,,,,,,,,,,,,,,,,,,,,,,,,,,,,,,,,,,,,,,,,,,,,,,,,,,,,,,,,,,,,,,,,,,,,,,,,,,,,,,,,,,,,,,,,,,,,,,,,,,,,,,,,,,,,,,,,,,,,,,,,,,R,6,12:10:00
,,,,,,,,,,,,,,,,,,,,,,,,,,,,,,,,,,,,,,,,,,,,,,,,,,,,,,,,,,,,,,,,,,,,,,,,,,,,,,,,,,,,,,,,,,,,,,,,,,,,,,,,,,,,,,,,,,,,,,,,,,,,,,,,,,,,,,,,,,,,,,,,,,,,,,,,,
D,7,13:00:00,,,,,,,,,,,,,,,,,,,,,,,,,,,,,,,,,,,,,,,,,,,,,,,,,,,,,,,,,,,,,,,,,,,,,,,,,,,,,,,,,,,,,,,,,,,,,,,,,,,,,,,,,,,,,,,,,,,,,,,,,,,,,,,,,,,,,,,,,,,,,,,,,,,,,D,7,13:00:00
,,,,,,,,,,,,,,,,,,,,,,,,,,,,,,,,,,,,,,,,,,,,,,,,,,,,,,,,,,,,,,,,,,,,,,,,,,,,,,,,,,,,,,,,,,,,,,,,,,,,,,,,,,,,,,,,,,,,,,,,,,,,,,,,,,,,,,,,,,,,,,,,,,,,,,,,,
A,8,13:50:00,,,,,,,,,,,,,,,,,,,,,,,,,,,,,,,,,,,,,,,,,,,,,,,,,,,,,,,,,,,,,,,,,,,,,,,,,,,,,,,,,,,,,,,,,,,,,,,,,,,,,,,,,,,,,,,,,,,,,,,,,,,,,,,,,,,,,,,,,,,,,,,,,,,,,A,8,13:50:00
,,,,,,,,,,,,,,,,,,,,,,,,,,,,,,,,,,,,,,,,,,,,,,,,,,,,,,,,,,,,,,,,,,,,,,,,,,,,,,,,,,,,,,,,,,,,,,,,,,,,,,,,,,,,,,,,,,,,,,,,,,,,,,,,,,,,,,,,,,,,,,,,,,,,,,,,,
Y,9,14:40:00,,,,,,,,,,,,,,,,,,,,,,,,,,,,,,,,,,,,,,,,,,,,,,,,,,,,,,,,,,,,,,,,,,,,,,,,,,,,,,,,,,,,,,,,,,,,,,,,,,,,,,,,,,,,,,,,,,,,,,,,,,,,,,,,,,,,,,,,,,,,,,,,,,,,,Y,9,14:40:00
,,,,,,,,,,,,,,,,,,,,,,,,,,,,,,,,,,,,,,,,,,,,,,,,,,,,,,,,,,,,,,,,,,,,,,,,,,,,,,,,,,,,,,,,,,,,,,,,,,,,,,,,,,,,,,,,,,,,,,,,,,,,,,,,,,,,,,,,,,,,,,,,,,,,,,,,,
,10,15:30:00,,,,,,,,,,,,,,,,,,,,,,,,,,,,,,,,,,,,,,,,,,,,,,,,,,,,,,,,,,,,,,,,,,,,,,,,,,,,,,,,,,,,,,,,,,,,,,,,,,,,,,,,,,,,,,,,,,,,,,,,,,,,,,,,,,,,,,,,,,,,,,,,,,,,,,10,15:30:00
,,,,,,,,,,,,,,,,,,,,,,,,,,,,,,,,,,,,,,,,,,,,,,,,,,,,,,,,,,,,,,,,,,,,,,,,,,,,,,,,,,,,,,,,,,,,,,,,,,,,,,,,,,,,,,,,,,,,,,,,,,,,,,,,,,,,,,,,,,,,,,,,,,,,,,,,,
,11,16:20:00,,,,,,,,,,,,,,,,,,,,,,,,,,,,,,,,,,,,,,,,,,,,,,,,,,,,,,,,,,,,,,,,,,,,,,,,,,,,,,,,,,,,,,,,,,,,,,,,,,,,,,,,,,,,,,,,,,,,,,,,,,,,,,,,,,,,,,,,,,,,,,,,,,,,,,11,16:20:00
,,,,,,,,,,,,,,,,,,,,,,,,,,,,,,,,,,,,,,,,,,,,,,,,,,,,,,,,,,,,,,,,,,,,,,,,,,,,,,,,,,,,,,,,,,,,,,,,,,,,,,,,,,,,,,,,,,,,,,,,,,,,,,,,,,,,,,,,,,,,,,,,,,,,,,,,,
,12,17:10:00,,,,,,,,,,,,,,,,,,,,,,,,,,,,,,,,,,,,,,,,,,,,,,,,,,,,,,,,,,,,,,,,,,,,,,,,,,,,,,,,,,,,,,,,,,,,,,,,,,,,,,,,,,,,,,,,,,,,,,,,,,,,,,,,,,,,,,,,,,,,,,,,,,,,,,12,17:10:00
,,,,,,,,,,,,,,,,,,,,,,,,,,,,,,,,,,,,,,,,,,,,,,,,,,,,,,,,,,,,,,,,,,,,,,,,,,,,,,,,,,,,,,,,,,,,,,,,,,,,,,,,,,,,,,,,,,,,,,,,,,,,,,,,,,,,,,,,,,,,,,,,,,,,,,,,,
,13,18:00:00,,,,,,,,,,,,,,,,,,,,,,,,,,,,,,,,,,,,,,,,,,,,,,,,,,,,,,,,,,,,,,,,,,,,,,,,,,,,,,,,,,,,,,,,,,,,,,,,,,,,,,,,,,,,,,,,,,,,,,,,,,,,,,,,,,,,,,,,,,,,,,,,,,,,,,13,18:00:00
,,,,,,,,,,,,,,,,,,,,,,,,,,,,,,,,,,,,,,,,,,,,,,,,,,,,,,,,,,,,,,,,,,,,,,,,,,,,,,,,,,,,,,,,,,,,,,,,,,,,,,,,,,,,,,,,,,,,,,,,,,,,,,,,,,,,,,,,,,,,,,,,,,,,,,,,,
,14,18:50:00,,,,,,,,,,,,,,,,,,,,,,,,,,,,,,,,,,,,,,,,,,,,,,,,,,,,,,,,,,,,,,,,,,,,,,,,,,,,,,,,,,,,,,,,,,,,,,,,,,,,,,,,,,,,,,,,,,,,,,,,,,,,,,,,,,,,,,,,,,,,,,,,,,,,,,14,18:50:00
,,,,,,,,,,,,,,,,,,,,,,,,,,,,,,,,,,,,,,,,,,,,,,,,,,,,,,,,,,,,,,,,,,,,,,,,,,,,,,,,,,,,,,,,,,,,,,,,,,,,,,,,,,,,,,,,,,,,,,,,,,,,,,,,,,,,,,,,,,,,,,,,,,,,,,,,,
TOTAL,,,,,,,,,,,,,,,,,,,,,,,,,,,,,,,,,,,,,,,,,,,,,,,,,,,,,,,,,,,,,,,,,,,,,,,,,,,,,,,,,,,,,,,,,,,,,,,,,,,,,,,,,,,,,,,,,,,,,,,,,,,,,,,,,,,,,,,,,,,,,,,,,,,,,,,TOTAL,,
HOURS,,,,,,,,,,,,,,,,,,,,,,,,,,,,,,,,,,,,,,,,,,,,,,,,,,,,,,,,,,,,,,,,,,,,,,,,,,,,,,,,,,,,,,,,,,,,,,,,,,,,,,,,,,,,,,,,,,,,,,,,,,,,,,,,,,,,,,,,,,,,,,,,,,,,,,,HOURS,,
SIGNATURE,,,,,,,,,,,,,,,,,,,,,,,,,,,,,,,,,,,,,,,,,,,,,,,,,,,,,,,,,,,,,,,,,,,,,,,,,,,,,,,,,,,,,,,,,,,,,,,,,,,,,,,,,,,,,,,,,,,,,,,,,,,,,,,,,,,,,,,,,,,,,,,,,,,,,,,SIGNATURE,,
